{"count":1,"self":7.0653207999999994,"total":7.0883658999999994,"children":{"InitializeActuators":{"count":1,"self":0.0029898999999999998,"total":0.0029898999999999998,"children":null},"InitializeSensors":{"count":1,"self":0.0015099999999999998,"total":0.0015099999999999998,"children":null},"AgentSendState":{"count":48,"self":0.0009991,"total":0.0080749999999999988,"children":{"CollectObservations":{"count":10,"self":0.0055525999999999995,"total":0.0055525999999999995,"children":null},"WriteActionMask":{"count":10,"self":0.0005117,"total":0.0005117,"children":null},"RequestDecision":{"count":10,"self":0.0010115999999999999,"total":0.0010115999999999999,"children":null}}},"DecideAction":{"count":48,"self":0.0035122,"total":0.0035122,"children":null},"AgentAct":{"count":48,"self":0.0064452999999999993,"total":0.0064452999999999993,"children":null}},"gauges":{},"metadata":{"timer_format_version":"0.1.0","start_time_seconds":"1784219845","unity_version":"6000.5.3f1","command_line_arguments":"C:\\Program Files\\Unity\\Hub\\Editor\\6000.5.3f1\\Editor\\Unity.exe -projectpath C:\\Users\\nordim\\Projects\\UrFU_Camp\\UrFU_Robotics -acceptSoftwareTermsForThisRunOnly -useHub -hubIPC -cloudEnvironment production","communication_protocol_version":"1.5.0","com.unity.ml-agents_version":"4.0.3","scene_name":"Gripper","end_time_seconds":"1784219852"}}