{"count":1,"self":2713.9913727999997,"total":2814.9160011999998,"children":{"InitializeActuators":{"count":1,"self":0.0040168999999999995,"total":0.0040168999999999995,"children":null},"InitializeSensors":{"count":1,"self":0.0040085,"total":0.0040085,"children":null},"AgentSendState":{"count":11650,"self":15.742979199999999,"total":16.004340199999998,"children":{"CollectObservations":{"count":2330,"self":0.2376149,"total":0.2376149,"children":null},"WriteActionMask":{"count":2330,"self":0.0035250999999999998,"total":0.0035250999999999998,"children":null},"RequestDecision":{"count":2330,"self":0.020220699999999998,"total":0.020220699999999998,"children":null}}},"DecideAction":{"count":11650,"self":83.8627904,"total":83.86279119999999,"children":null},"AgentAct":{"count":11650,"self":1.0448026,"total":1.0448026,"children":null}},"gauges":{"GFSX_Brain.CumulativeReward":{"count":32,"max":0.5356191,"min":-0.5799072,"runningAverage":-0.177362755,"value":-0.5058476,"weightedAverage":-0.211083457}},"metadata":{"timer_format_version":"0.1.0","start_time_seconds":"1784624550","unity_version":"6000.5.3f1","command_line_arguments":"C:\\Program Files\\Unity\\Hub\\Editor\\6000.5.3f1\\Editor\\Unity.exe -projectpath C:\\Users\\misha\\Studcamp\\Robot_clone\\UrFU_Robotics -acceptSoftwareTermsForThisRunOnly -useHub -hubIPC -cloudEnvironment production","communication_protocol_version":"1.5.0","com.unity.ml-agents_version":"4.0.3","scene_name":"Raytest","end_time_seconds":"1784627365"}}